0,Спаса
1,дюґов
2,вечур
3,віяня
4,завод
5,окунь
6,мафія
7,атлет
8,закоп
9,встяж
10,додня
11,афект
12,лишай
13,тесіл
14,ефект
15,румба
16,Тібет
17,діван
18,довод
19,подря
20,слюда
21,ворга
22,торба
23,ячати
24,погыб
25,одбор
26,бобик
27,стрес
28,чанка
29,залив
30,около
31,руїна
32,пончо
33,шкода
34,гость
35,штроф
36,ґарде
37,ролка
38,еґреш
39,шатер
40,іділа
41,жыван
42,унтер
43,стечі
44,етюда
45,клубя
46,серьп
47,насып
48,морда
49,жупан
50,кібіц
51,щастя
52,автор
53,погон
54,форма
55,летак
56,гонор
57,жовто
58,Ломне
59,ареал
60,бобок
61,товчі
62,шолты
63,обнов
64,орлів
65,яруга
66,актер
67,пішак
68,запах
69,капра
70,дудок
71,віщій
72,чаков
73,чутка
74,памут
75,мороз
76,котел
77,регот
78,піано
79,ґаґот
80,офіна
81,лосос
82,мышка
83,миска
84,трёми
85,варта
86,екзем
87,корма
88,місіс
89,падак
90,колос
91,дехто
92,трїск
93,Ряшів
94,рачій
95,Аліца
96,ожыти
97,клїщі
98,ракія
99,сфера
100,Дячів
101,ґазик
102,затяж
103,лапач
104,погар
105,Собош
106,дезен
107,гуцул
108,цвітя
109,мадам
110,чапта
111,кілок
112,арпад
113,отвор
114,дуткы
115,дашто
116,кухня
117,ґейша
118,афика
119,тарца
120,кокос
121,ларґо
122,высше
123,мисча
124,пелех
125,клоча
126,гакош
127,Дєтва
128,гапчі
129,фуяра
130,скарт
131,одпис
132,чачка
133,банда
134,тїмня
135,сошка
136,тотем
137,гобра
138,обряд
139,нанос
140,пороз
141,блиск
142,віват
143,Судан
144,Петро
145,розби
146,редія
147,ужуже
148,вдати
149,сезам
150,блана
151,одушу
152,бокор
153,орґії
154,еоліт
155,грана
156,Ялова
157,селян
158,образ
159,шелма
160,скоре
161,салон
162,наяти
163,юніор
164,банда
165,споза
166,сукно
167,вдова
168,мелір
169,ґеній
170,ярина
171,народ
172,смрад
173,попів
174,пасак
175,еліта
176,рампа
177,ослов
178,масер
179,зарїз
180,ліана
181,кліше
182,лївак
183,анияк
184,Марта
185,ціста
186,сраня
187,адепт
188,Босна
189,сивак
190,мотів
191,відик
192,тацка
193,долов
194,хлопя
195,епіка
196,часом
197,возик
198,біреш
199,кумір
200,щіток
201,радше
202,дробы
203,евнух
204,амінь
205,осїчі
206,тамже
207,жрати
208,Русин
209,уводи
210,попыт
211,мумак
212,тхірь
213,Татер
214,лайда
215,мацес
216,Антон
217,коїня
218,ґараж
219,ґрунт
220,гужов
221,зубок
222,ссати
223,тіраж
224,збоку
225,нелюд
226,дрень
227,Ваври
228,молга
229,бунка
230,выкуп
231,гокей
232,перед
233,траса
234,верьх
235,бахор
236,мелас
237,смуга
238,треба
239,гелій
240,барон
241,Весна
242,брати
243,дость
244,Бжаны
245,сшыти
246,стока
247,очный
248,міґом
249,метро
250,турня
251,пісок
252,влони
253,войти
254,плече
255,Ілона
256,паста
257,мінер
258,шраґы
259,одкуп
260,выязд
261,ґаджо
262,сїйба
263,арґот
264,пупок
265,семый
266,округ
267,злива
268,метан
269,попри
270,філіп
271,сїсти
272,нитка
273,двоми
274,нихто
275,долар
276,Вісла
277,кучік
278,одлов
279,супер
280,тікот
281,копач
282,никым
283,білый
284,пороз
285,охват
286,овити
287,пощіп
288,жівіо
289,пятак
290,спити
291,сірый
292,скора
293,сїдло
294,выток
295,цвенґ
296,Вубля
297,крига
298,їдлый
299,видно
300,щірый
301,Конґо
302,Армен
303,Памір
304,парта
305,стиха
306,Мілан
307,серна
308,масть
309,зжыти
310,Троян
311,порїз
312,сачок
313,гасіч
314,слуга
315,ґрата
316,косый
317,охота
318,мелай
319,аршов
320,посух
321,задок
322,шалат
323,ґазда
324,шабес
325,пілот
326,естет
327,жоліб
328,ламка
329,ревма
330,секта
331,продо
332,нїмый
333,вступ
334,візія
335,хабза
336,ікота
337,бобко
338,Еґіпт
339,октет
340,цапик
341,хіхот
342,одїти
343,рабін
344,літій
345,факля
346,мотуз
347,танґо
348,койка
349,метер
350,почап
351,Софія
352,набік
353,ціфра
354,лалок
355,валов
356,керть
357,стадо
358,офера
359,пітон
360,кусок
361,віяти
362,пацка
363,кавка
364,буфет
365,праві
366,пороз
367,алібі
368,право
369,фіном
370,арґон
371,одгад
372,голяк
373,марец
374,дехть
375,їмати
376,гнитя
377,особа
378,єднак
379,ольґа
380,дешто
381,купон
382,бунча
383,ташка
384,пурін
385,класа
386,фокус
387,штири
388,пошпо
389,гобой
390,шыйка
391,хосен
392,горак
393,череп
394,гавел
395,пушка
396,комин
397,сепія
398,сонце
399,локал
400,нютон
401,жатва
402,дыбом
403,пуцер
404,квака
405,попід
406,горка
407,бурза
408,міцно
409,фронт
410,покры
411,выпад
412,бырко
413,ткати
414,шугай
415,помыї
416,высїв
417,патер
418,кочік
419,масло
420,тлїтя
421,днити
422,дінґо
423,тячок
424,нитча
425,петіт
426,скыба
427,блуза
428,фаґот
429,садра
430,мазут
431,выбор
432,кшефт
433,крупа
434,папка
435,місія
436,фешак
437,закал
438,хемія
439,врыти
440,гашіш
441,рента
442,одкап
443,глуха
444,Барма
445,тайна
446,багно
447,Токай
448,пацок
449,когут
450,формы
451,шпара
452,назад
453,карта
454,пуляк
455,меджі
456,обєкт
457,дупля
458,клюка
459,ґесто
460,сюжет
461,пенёк
462,кафлї
463,напой
464,чінка
465,санкы
466,Шаріш
467,управ
468,Сулин
469,фалат
470,готел
471,ооліт
472,обзор
473,тонаж
474,пстри
475,булла
476,струк
477,піріт
478,модул
479,кобра
480,тамто
481,такый
482,вногы
483,дереш
484,кабел
485,фурка
486,пятка
487,вішак
488,банка
489,жезло
490,філцї
491,Пеґас
492,валёк
493,гопса
494,закос
495,рожен
496,савна
497,лучік
498,пасок
499,выдых
500,дебут
501,драже
502,піпка
503,масаж
504,гурка
505,лляти
506,компа
507,горяч
508,лїтер
509,орало
510,князь
511,епоха
512,аякже
513,ознам
514,кетон
515,кіоск
516,слина
517,таїти
518,шкода
519,свята
520,ікона
521,пекло
522,шіфра
523,мінус
524,груба
525,колик
526,быдло
527,напам
528,ретуш
529,плюца
530,офсет
531,зыйти
532,пожар
533,фучка
534,модел
535,козак
536,нотес
537,шыхта
538,катар
539,лірік
540,ракаш
541,палка
542,голый
543,кыянь
544,Борів
545,чіпча
546,копія
547,деізм
548,обнож
549,істок
550,уніак
551,женач
552,жовто
553,шатня
554,митра
555,выказ
556,подїя
557,діода
558,пупик
559,кавза
560,валал
561,талій
562,пасат
563,тепша
564,лапіс
565,нїґда
566,дозор
567,циґан
568,купач
569,етіка
570,кобел
571,садик
572,шылко
573,фуров
574,полом
575,псина
576,шайта
577,прїти
578,чімсь
579,датля
580,дупля
581,увула
582,тіран
583,злоба
584,номад
585,напів
586,выруб
587,чіжик
588,ґаґор
589,Любок
590,лядок
591,вазал
592,Бойко
593,пріор
594,сафір
595,сомар
596,ретор
597,омело
598,салва
599,теніс
600,сукня
601,Тібор
602,рїчка
603,тропа
604,одока
605,плесо
606,родео
607,якраз
608,допад
609,сленґ
610,Йонаш
611,дізел
612,омеґа
613,ґрупа
614,Руска
615,нагон
616,навод
617,лапак
618,Церни
619,загыб
620,оцїль
621,важка
622,пасмо
623,нетто
624,мітла
625,панна
626,озеро
627,лишка
628,бульк
629,детто
630,нерад
631,фауна
632,афіша
633,грудя
634,вдїти
635,Влады
636,курія
637,повоз
638,бутан
639,репей
640,говор
641,іканя
642,одвар
643,колок
644,налив
645,праца
646,Боріс
647,баран
648,зрост
649,напак
650,франк
651,напад
652,ґуляш
653,Чешка
654,сусїд
655,выдра
656,сушня
657,труба
658,биров
659,Софія
660,дебря
661,сатір
662,Пстри
663,човен
664,запам
665,паска
666,єдных
667,їманя
668,пєрот
669,окати
670,завой
671,назва
672,рімса
673,діета
674,міщан
675,хтось
676,віскі
677,кахля
678,богач
679,шіхта
680,слава
681,жнива
682,Монте
683,лечка
684,плюга
685,фузія
686,хмура
687,обход
688,дзвін
689,фідлі
690,глина
691,отрок
692,пінія
693,легко
694,пасак
695,вожен
696,відео
697,дукат
698,бубен
699,макош
700,топіч
701,крижа
702,талаш
703,гаїти
704,бурян
705,тягло
706,Клара
707,плюти
708,жраня
709,Ґемер
710,гуслї
711,попід
712,отара
713,фенол
714,Алжір
715,скрат
716,мумпс
717,аташе
718,свура
719,налїт
720,лазур
721,думка
722,скоба
723,доїти
724,чіжма
725,барка
726,хтоже
727,качка
728,берег
729,екзіл
730,фалош
731,рамок
732,трусь
733,любов
734,нація
735,скоса
736,говор
737,мылка
738,черес
739,канон
740,штось
741,ґамба
742,зубор
743,потмі
744,заяти
745,пачка
746,фуфра
747,пхати
748,авшус
749,дурак
750,надых
751,ложка
752,звірь
753,палёк
754,удати
755,нелад
756,Філіп
757,астра
758,трест
759,страх
760,баник
761,хвала
762,сілон
763,волик
764,Курів
765,комар
766,люють
767,поход
768,сокол
769,поїти
770,індія
771,атлас
772,сплюх
773,статя
774,каюта
775,кавей
776,пороз
777,ґруля
778,опрос
779,поцін
780,намір
781,порше
782,ништо
783,браво
784,полір
785,обход
786,роїти
787,обтяг
788,Гутка
789,почін
790,Орава
791,декан
792,вшыти
793,ґалїр
794,бунда
795,тісяч
796,фушка
797,тетан
798,бідак
799,кабат
800,факір
801,Месія
802,Пілат
803,варош
804,сатен
805,зрана
806,шнура
807,фікус
808,гамер
809,бубак
810,зерно
811,выдай
812,рїзка
813,ребус
814,ладіч
815,пудло
816,штимы
817,актів
818,парка
819,струп
820,вырок
821,фатёв
822,рїзба
823,вобще
824,шабля
825,афікс
826,халат
827,чулка
828,пасть
829,шамот
830,замір
831,школа
832,плїсь
833,баґер
834,гасак
835,акція
836,сїяти
837,цітат
838,ангел
839,пиріг
840,кляти
841,медик
842,менза
843,слота
844,канён
845,ранка
846,сумар
847,богем
848,ґлоса
849,строй
850,одзыв
851,калій
852,намул
853,подїл
854,павур
855,легше
856,флавш
857,табло
858,Лаґос
859,шкара
860,фанта
861,лемеш
862,їдиво
863,обрїз
864,нераз
865,гумно
866,нарїк
867,лашкы
868,шалик
869,піщок
870,салдо
871,дебет
872,стром
873,табор
874,буква
875,вісем
876,краян
877,залом
878,дораз
879,Тесла
880,свиня
881,Сивко
882,фраза
883,выбой
884,Аґата
885,навык
886,вывар
887,габіт
888,лёмпа
889,норма
890,лопта
891,Івана
892,Юліан
893,млака
894,водак
895,одсун
896,учень
897,Зубне
898,жерти
899,дакус
900,сіруп
901,гопла
902,чіряк
903,чісло
904,бочча
905,подля
906,лежан
907,Перун
908,дойка
909,ожран
910,тушча
911,бояти
912,перст
913,капча
914,делта
915,Кабул
916,отлак
917,млїти
918,домнї
919,фушер
920,торзо
921,ферії
922,драча
923,селен
924,унція
925,фраїр
926,сонет
927,вошка
928,брало
929,кізля
930,іпный
931,радій
932,наука
933,канта
934,лихва
935,флірт
936,халва
937,ліцей
938,оклик
939,сопка
940,кышка
941,погов
942,запис
943,опора
944,жычка
945,цнота
946,пачка
947,лопух
948,валюх
949,тычча
950,облук
951,нерес
952,Турек
953,фініш
954,чібук
955,гужва
956,перце
957,згода
958,точка
959,шаржа
960,попас
961,супін
962,почка
963,їжыти
964,запар
965,кувик
966,ніжка
967,Гомер
968,терен
969,торта
970,Семан
971,футро
972,лідер
973,надор
974,месія
975,медік
976,майже
977,пінес
978,пемза
979,трулё
980,Давід
981,аґенс
982,выход
983,Геґел
984,цівіл
985,листя
986,хорал
987,Сібір
988,былин
989,свято
990,ґапер
991,барла
992,Львів
993,рамик
994,гумор
995,вічко
996,ґачош
997,лесть
998,холем
999,дурал
1000,Слава
1001,скіца
1002,грань
1003,лайно
1004,гаґас
1005,водка
1006,баґаж
1007,утрап
1008,зняти
1009,церій
1010,цюпка
1011,лїзти
1012,тютка
1013,чіжмы
1014,манґо
1015,макух
1016,жытло
1017,выкоп
1018,обкос
1019,ґланц
1020,урода
1021,хінїн
1022,драга
1023,феніл
1024,Нїмка
1025,бляха
1026,фодра
1027,тямка
1028,пошта
1029,бемол
1030,тутор
1031,канал
1032,пасаж
1033,орґан
1034,тесла
1035,подых
1036,Сотак
1037,жумпа
1038,нероб
1039,жердя
1040,фроте
1041,Татры
1042,блонд
1043,чарка
1044,щебет
1045,топля
1046,какао
1047,водне
1048,забал
1049,плаца
1050,квант
1051,здолы
1052,Олімп
1053,келім
1054,труна
1055,барел
1056,осада
1057,одбой
1058,лотер
1059,Діана
1060,коцка
1061,смола
1062,комбі
1063,фреза
1064,реґал
1065,мулат
1066,шкіца
1067,мацко
1068,мести
1069,фолія
1070,фуґас
1071,валом
1072,тогды
1073,темпо
1074,оідіп
1075,давно
1076,будїк
1077,варка
1078,рудый
1079,лейді
1080,нечас
1081,рваня
1082,перше
1083,кочіш
1084,аорта
1085,левеш
1086,кошар
1087,едікт
1088,вдяка
1089,дупло
1090,поема
1091,лосно
1092,терти
1093,тыков
1094,збити
1095,качур
1096,замок
1097,битка
1098,фурія
1099,следь
1100,лелія
1101,орден
1102,рожка
1103,орлик
1104,повел
1105,чачко
1106,Ірена
1107,гниль
1108,опція
1109,сліпы
1110,псїти
1111,валах
1112,кадет
1113,кесон
1114,щіпча
1115,цегла
1116,Малта
1117,бедро
1118,абзац
1119,глива
1120,неґер
1121,балцї
1122,пасія
1123,кутач
1124,нулка
1125,темпо
1126,цімра
1127,малей
1128,пород
1129,ґібон
1130,осиво
1131,дївка
1132,фурик
1133,цініз
1134,гімна
1135,опіат
1136,фофры
1137,веред
1138,балет
1139,чудак
1140,прото
1141,істіч
1142,ґалій
1143,Крушы
1144,біжкы
1145,запха
1146,кадер
1147,олька
1148,гнедь
1149,домів
1150,цедер
1151,цливо
1152,комік
1153,сплав
1154,океан
1155,скаут
1156,Новый
1157,крыло
1158,орють
1159,лосно
1160,стяти
1161,рынва
1162,криса
1163,такой
1164,шпайз
1165,хомут
1166,насад
1167,весна
1168,напор
1169,шеріф
1170,дрозд
1171,канон
1172,такым
1173,тенор
1174,лікер
1175,наддо
1176,мотор
1177,пріма
1178,напис
1179,еоцен
1180,довше
1181,мінаж
1182,хыжка
1183,збыти
1184,ґарда
1185,Марія
1186,махер
1187,сосна
1188,женцї
1189,колик
1190,мінца
1191,фобія
1192,нашто
1193,выпар
1194,терор
1195,наяво
1196,файфа
1197,гварю
1198,прати
1199,божый
1200,псути
1201,Слава
1202,ціцак
1203,рація
1204,барій
1205,зошыт
1206,ґратя
1207,йоґін
1208,голуб
1209,Пчоли
1210,лосїй
1211,верес
1212,лутня
1213,сокаш
1214,коник
1215,холод
1216,рошта
1217,бабка
1218,змыти
1219,судця
1220,пірко
1221,опера
1222,шутый
1223,обрій
1224,днями
1225,балта
1226,жупан
1227,шашко
1228,фусак
1229,одпор
1230,дачій
1231,ледва
1232,Павла
1233,буков
1234,бабей
1235,жырак
1236,гадач
1237,кычка
1238,Йожчо
1239,уліця
1240,вриск
1241,октан
1242,здвиг
1243,запас
1244,сучок
1245,точно
1246,сусїд
1247,тїсто
1248,піддо
1249,бакса
1250,гузер
1251,павук
1252,скала
1253,лысть
1254,такый
1255,гудак
1256,тракы
1257,зрыти
1258,догра
1259,терен
1260,покіс
1261,Гавай
1262,босяк
1263,фацка
1264,семак
1265,віхта
1266,ганьб
1267,обути
1268,копія
1269,тупак
1270,треба
1271,Настя
1272,леґат
1273,жолик
1274,замат
1275,лавор
1276,сатан
1277,злячі
1278,боляк
1279,анцуґ
1280,панва
1281,выбер
1282,цалый
1283,зарва
1284,метіл
1285,сикош
1286,ціцок
1287,наста
1288,прутя
1289,Волґа
1290,арешт
1291,ходба
1292,репик
1293,недуг
1294,аборт
1295,палма
1296,докер
1297,чапаш
1298,лумен
1299,саджа
1300,мопед
1301,вєдно
1302,лучка
1303,чанка
1304,огень
1305,общій
1306,штола
1307,сарма
1308,матка
1309,шылце
1310,одказ
1311,пудер
1312,албін
1313,Пыхнї
1314,выбух
1315,факов
1316,гарфа
1317,радно
1318,пітюх
1319,наоко
1320,Скопє
1321,дубик
1322,стїна
1323,мочка
1324,ґумка
1325,спечі
1326,гряда
1327,стопа
1328,книга
1329,щетка
1330,стари
1331,слызи
1332,скраю
1333,Одеса
1334,бабин
1335,селеп
1336,драма
1337,райза
1338,Івета
1339,фарад
1340,ожера
1341,тарок
1342,одраз
1343,шофер
1344,здїти
1345,батіг
1346,Лемко
1347,діном
1348,штарт
1349,знати
1350,завіт
1351,парох
1352,волос
1353,жажда
1354,вірус
1355,шахта
1356,самый
1357,колач
1358,непам
1359,шлайф
1360,салаш
1361,рынта
1362,павза
1363,зафір
1364,север
1365,одток
1366,булка
1367,заход
1368,змылю
1369,сілка
1370,опона
1371,фарма
1372,поїло
1373,візаж
1374,текст
1375,выраз
1376,разія
1377,рубін
1378,Лібія
1379,вклад
1380,кочан
1381,тужба
1382,бомба
1383,краса
1384,топір
1385,питюх
1386,дїлня
1387,шепот
1388,обрыв
1389,койне
1390,много
1391,іпель
1392,выгра
1393,шість
1394,усмів
1395,пчола
1396,цїпок
1397,завал
1398,метал
1399,незав
1400,благо
1401,авізо
1402,циґан
1403,гідра
1404,балик
1405,вїсти
1406,тіґер
1407,горор
1408,псота
1409,олово
1410,кацір
1411,прояв
1412,груди
1413,тинта
1414,мыдло
1415,шубер
1416,хрунё
1417,раціо
1418,затля
1419,покус
1420,звада
1421,терня
1422,пчоли
1423,доґма
1424,пошпо
1425,лїчба
1426,нонет
1427,тяпка
1428,ґерой
1429,ладом
1430,Дунай
1431,овелё
1432,Осман
1433,ідіот
1434,фреон
1435,одвіт
1436,бочка
1437,смітя
1438,сунар
1439,піддо
1440,одпад
1441,пятно
1442,Данія
1443,ташча
1444,нетоп
1445,капка
1446,дїяти
1447,обити
1448,мачка
1449,Чехія
1450,йодід
1451,стады
1452,Осака
1453,чаков
1454,вывод
1455,сночі
1456,чанка
1457,аналы
1458,Пусте
1459,дрыва
1460,вівця
1461,чканя
1462,сіфон
1463,нїмак
1464,наддо
1465,коняк
1466,зрада
1467,робот
1468,терок
1469,Звала
1470,радый
1471,корзо
1472,куряч
1473,заказ
1474,терло
1475,вынос
1476,гейже
1477,потяг
1478,рапша
1479,лїнюх
1480,таксі
1481,вылїт
1482,влада
1483,земля
1484,лашка
1485,потім
1486,дочка
1487,Няґів
1488,танїр
1489,лабка
1490,плюск
1491,піхря
1492,репка
1493,джаул
1494,снарь
1495,манна
1496,сірак
1497,засып
1498,шутак
1499,Атены
1500,аркан
1501,журав
1502,проща
1503,хобот
1504,оброб
1505,лупка
1506,швунґ
1507,мозоґ
1508,блыха
1509,продо
1510,зайти
1511,пралї
1512,баста
1513,вбити
1514,панда
1515,трамп
1516,завій
1517,конто
1518,жовна
1519,война
1520,каган
1521,ленча
1522,ковід
1523,выгон
1524,пороз
1525,плоха
1526,вывоз
1527,дерти
1528,груда
1529,моток
1530,кашка
1531,лібра
1532,Павел
1533,кожух
1534,точка
1535,буста
1536,кулак
1537,бізон
1538,зубок
1539,много
1540,долик
1541,штось
1542,ракош
1543,звязь
1544,етапа
1545,чіпка
1546,Бокша
1547,мушля
1548,дверї
1549,ґайды
1550,ґусто
1551,обнос
1552,лишча
1553,балон
1554,попук
1555,діжка
1556,зъязд
1557,джудо
1558,левча
1559,слово
1560,ваґон
1561,поплы
1562,місто
1563,згоры
1564,коляя
1565,розум
1566,прінц
1567,тамты
1568,затри
1569,Норка
1570,малта
1571,бужня
1572,шерпа
1573,Узбек
1574,пазур
1575,атака
1576,рвати
1577,кобка
1578,огляд
1579,коляї
1580,упряж
1581,щіпак
1582,ребро
1583,годен
1584,трава
1585,пиріг
1586,маска
1587,потак
1588,німфа
1589,жанер
1590,тлїти
1591,дарця
1592,махлї
1593,жнець
1594,налож
1595,сомар
1596,бремя
1597,босый
1598,дохоп
1599,Тесла
1600,фарту
1601,пласт
1602,нохтя
1603,щііщі
1604,одвод
1605,загон
1606,марод
1607,чкати
1608,гачур
1609,дикун
1610,зломи
1611,позор
1612,запор
1613,орный
1614,шкроб
1615,мискы
1616,набор
1617,вести
1618,дараб
1619,оксід
1620,окрем
1621,підли
1622,звати
1623,тепло
1624,імело
1625,сыпка
1626,земан
1627,Чешка
1628,метал
1629,Стара
1630,тітан
1631,Паріж
1632,краль
1633,бодай
1634,донор
1635,шакал
1636,семіш
1637,Порач
1638,шайба
1639,Зужин
1640,уступ
1641,каное
1642,парак
1643,жовто
1644,ротор
1645,котва
1646,жніця
1647,сїяня
1648,влага
1649,жылик
1650,гадка
1651,леґія
1652,ґанок
1653,Гуцул
1654,Божый
1655,Галіч
1656,телур
1657,сцена
1658,Йозеф
1659,шкроб
1660,пунча
1661,Бордо
1662,дбати
1663,лїска
1664,проза
1665,помпа
1666,флора
1667,шпіон
1668,капут
1669,корок
1670,Мінск
1671,щамба
1672,Оряби
1673,давка
1674,жабій
1675,сніця
1676,бздюх
1677,уменя
1678,царок
1679,мамут
1680,нанук
1681,дутый
1682,локай
1683,весло
1684,Пасха
1685,патос
1686,пізно
1687,батік
1688,Лївів
1689,оканя
1690,вітор
1691,проти
1692,Томаш
1693,пацюх
1694,Кашуб
1695,запал
1696,дечка
1697,ведро
1698,мулла
1699,кымак
1700,ціпка
1701,фотел
1702,найти
1703,емпір
1704,майна
1705,одкоп
1706,вапно
1707,вилча
1708,вовча
1709,рости
1710,оковы
1711,жетон
1712,сілаж
1713,покую
1714,ґрата
1715,обрус
1716,утиск
1717,афера
1718,аханя
1719,копач
1720,тайґа
1721,нагло
1722,ґвалт
1723,доказ
1724,калуп
1725,каста
1726,знаня
1727,нелюб
1728,вілка
1729,запад
1730,мотто
1731,одбор
1732,рожок
1733,діжка
1734,проба
1735,саміт
1736,ролак
1737,бурый
1738,лївик
1739,Дукля
1740,нафта
1741,гесло
1742,стовп
1743,успіх
1744,догад
1745,квітя
1746,обсїк
1747,Непал
1748,потік
1749,панел
1750,сїчка
1751,квота
1752,олива
1753,задом
1754,шіфон
1755,чаков
1756,спара
1757,жулик
1758,мышча
1759,банан
1760,вытяг
1761,лежмо
1762,хвіст
1763,граня
1764,заяць
1765,вышня
1766,ведля
1767,горня
1768,діпол
1769,нарїз
1770,мокро
1771,выпис
1772,завіс
1773,пасти
1774,овода
1775,попуд
1776,Юрчів
1777,лінія
1778,денно
1779,Анцин
1780,махом
1781,гычка
1782,званя
1783,серія
1784,лебка
1785,оддых
1786,крізь
1787,манія
1788,місто
1789,свято
1790,вырїз
1791,долов
1792,гнати
1793,Зузка
1794,никус
1795,марґо
1796,ліпід
1797,оскар
1798,метал
1799,жеряв
1800,демон
1801,кечуп
1802,голос
1803,курка
1804,отець
1805,пайпа
1806,ікати
1807,серум
1808,спара
1809,форте
1810,шухот
1811,ничій
1812,Чінян
1813,бодак
1814,оддїл
1815,орлой
1816,Поляк
1817,роман
1818,раґбі
1819,окрес
1820,людіє
1821,гуска
1822,дичка
1823,лайка
1824,багро
1825,генто
1826,дупло
1827,тейка
1828,веліч
1829,конус
1830,гнити
1831,лавка
1832,дроґа
1833,режія
1834,пухло
1835,грати
1836,аґент
1837,вгень
1838,бедля
1839,вилка
1840,гіена
1841,зубач
1842,стати
1843,кравл
1844,зрїти
1845,малый
1846,гнути
1847,чанка
1848,ватра
1849,влїво
1850,лекно
1851,квазі
1852,набой
1853,ґумак
1854,шторц
1855,мумія
1856,спека
1857,устав
1858,лавча
1859,ряндя
1860,валок
1861,попис
1862,ґачкы
1863,добро
1864,выбіг
1865,курей
1866,наказ
1867,куфер
1868,пілїр
1869,ґатер
1870,смолї
1871,гаяти
1872,осана
1873,жовто
1874,манеж
1875,байка
1876,смалт
1877,галер
1878,оряби
1879,флуйд
1880,Суків
1881,поліп
1882,сабов
1883,арена
1884,курат
1885,окена
1886,щіпок
1887,ножик
1888,оканя
1889,мушка
1890,брант
1891,скіпа
1892,ензім
1893,кізїй
1894,крижы
1895,менше
1896,пункт
1897,гнида
1898,обруч
1899,сойка
1900,роїня
1901,шість
1902,одкус
1903,ґерок
1904,кулач
1905,Плуто
1906,віспа
1907,лепок
1908,еґіда
1909,горох
1910,Юрків
1911,бічік
1912,анода
1913,фарба
1914,такый
1915,біном
1916,кулма
1917,пряди
1918,рукав
1919,родіч
1920,гарок
1921,амбра
1922,добрї
1923,Кіріл
1924,парха
1925,зараз
1926,дочча
1927,гайка
1928,мілый
1929,крупы
1930,чанка
1931,бобер
1932,веста
1933,дойна
1934,цлона
1935,отчій
1936,НАЗВЫ
1937,юдаіз
1938,вокал
1939,їмити
1940,Циґан
1941,тропы
1942,плеск
1943,трема
1944,теізм
1945,режім
1946,Саска
1947,бобак
1948,влады
1949,датум
1950,тренд
1951,понад
1952,грїти
1953,нюанс
1954,букса
1955,поріг
1956,Оріон
1957,яруга
1958,обвоз
1959,іншый
1960,іслам
1961,спати
1962,отчім
1963,наніч
1964,сорта
1965,ахати
1966,довоз
1967,дївка
1968,дараз
1969,рысак
1970,чесак
1971,меджа
1972,нобыл
1973,обвод
1974,чакля
1975,акція
1976,Новый
1977,плебс
1978,датів
1979,твіст
1980,кошик
1981,нести
1982,склад
1983,віґан
1984,Алжір
1985,пороз
1986,мняса
1987,вышка
1988,одлюд
1989,удати
1990,влады
1991,коляк
1992,могер
1993,підли
1994,тіфус
1995,преса
1996,проти
1997,чміль
1998,Єгова
1999,брідж
2000,норов
2001,Росія
2002,збудь
2003,одвоз
2004,обшыт
2005,густи
2006,одлом
2007,піано
2008,родак
2009,ранде
2010,яґуар
2011,мошок
2012,шнапс
2013,мотел
2014,яліця
2015,засяг
2016,собаш
2017,новта
2018,фаґан
2019,почім
2020,уклон
2021,обвяз
2022,силак
2023,марка
2024,Токіо
2025,закон
2026,наярь
2027,омыти
2028,домкы
2029,кухар
2030,радця
2031,фанка
2032,Ваґри
2033,поміч
2034,хмара
2035,псярь
2036,долок
2037,маржа
2038,церни
2039,сонда
2040,карат
2041,треба
2042,дотык
2043,хвіля
2044,дїдко
2045,мамин
2046,орсаґ
2047,Федор
2048,целта
2049,коран
2050,схема
2051,ботел
2052,талпа
2053,слїпа
2054,налпа
2055,тычка
2056,денко
2057,дербі
2058,лазер
2059,їжача
2060,тумор
2061,табак
2062,базен
2063,першы
2064,парте
2065,лоптя
2066,Єнчан
2067,турне
2068,пекач
2069,обоёк
2070,кість
2071,вплив
2072,файта
2073,голіч
2074,фетіш
2075,ліміт
2076,струх
2077,просо
2078,попка
2079,поган
2080,посте
2081,іскра
2082,хвілю
2083,манко
2084,шпріц
2085,аларм
2086,шплях
2087,гоїти
2088,хустя
2089,перон
2090,склеп
2091,дечко
2092,левіт
2093,снити
2094,вафля
2095,трієр
2096,жменя
2097,покер
2098,языча
2099,пясть
2100,вовна
2101,зеніт
2102,бочік
2103,самба
2104,зайда
2105,бухта
2106,гопак
2107,осина
2108,Крета
2109,прошу
2110,слука
2111,нащек
2112,около
2113,заязд
2114,гелма
2115,мокка
2116,уніат
2117,завин
2118,Луків
2119,радіо
2120,конча
2121,касір
2122,досяг
2123,усміх
2124,вдуба
2125,мадра
2126,Марек
2127,путко
2128,кубик
2129,Пейко
2130,Кална
2131,шкоду
2132,конюх
2133,тромф
2134,карас
2135,одсїв
2136,януар
2137,паска
2138,Ґорал
2139,шаман
2140,ґвінт
2141,носик
2142,флуор
2143,баґов
2144,порох
2145,дійти
2146,повод
2147,стара
2148,пырій
2149,радар
2150,затих
2151,астма
2152,бутор
2153,кофла
2154,машля
2155,свінґ
2156,сатан
2157,Литва
2158,фінта
2159,дебіл
2160,Івона
2161,вчера
2162,палац
2163,штобы
2164,тварь
2165,синяк
2166,звіря
2167,мінея
2168,харта
2169,Петра
2170,важка
2171,отыти
2172,спрей
2173,гнояк
2174,здути
2175,касня
2176,молот
2177,слыза
2178,тісяч
2179,фірма
2180,барак
2181,шпорт
2182,кукла
2183,жерве
2184,дотля
2185,втїха
2186,змочі
2187,шалка
2188,рівни
2189,Марія
2190,лотан
2191,ззути
2192,павуз
2193,тріас
2194,голод
2195,крыти
2196,креол
2197,бетон
2198,Топля
2199,снага
2200,лінка
2201,бляти
2202,здати
2203,коцур
2204,напом
2205,пірат
2206,грива
2207,жердь
2208,пітва
2209,затка
2210,герня
2211,Низкы
2212,рянда
2213,посол
2214,омытя
2215,вкопі
2216,ебола
2217,морес
2218,калап
2219,гумус
2220,ґрявк
2221,лімба
2222,лїпше
2223,акорд
2224,котра
2225,одлив
2226,ослик
2227,стиск
2228,маґія
2229,інґот
2230,ґранд
2231,баціл
2232,маґій
2233,ласка
2234,хайда
2235,тікет
2236,набіг
2237,Фінка
2238,зарва
2239,позад
2240,націз
2241,втяти
2242,тітул
2243,лотай
2244,близь
2245,атлас
2246,Кітай
2247,цівіл
2248,одход
2249,форум
2250,туцет
2251,цївка
2252,грудь
2253,салто
2254,кредо
2255,сучок
2256,Юдіта
2257,шруба
2258,арзен
2259,зебра
2260,пошва
2261,Свята
2262,утїха
2263,контя
2264,увити
2265,жакет
2266,окрик
2267,краём
2268,білок
2269,Ґдыня
2270,наятя
2271,дахто
2272,докля
2273,корба
2274,ларва
2275,злїва
2276,облюб
2277,гейта
2278,тесть
2279,кекса
2280,шанса
2281,норка
2282,лавра
2283,гвізд
2284,лаґер
2285,праня
2286,рїджа
2287,через
2288,Будга
2289,пороз
2290,понос
2291,філер
2292,жывот
2293,шыроч
2294,Земля
2295,віста
2296,внять
2297,кобза
2298,кріза
2299,колаж
2300,албум
2301,фотка
2302,коїти
2303,стоян
2304,срати
2305,ладан
2306,вжати
2307,гамер
2308,вайда
2309,розли
2310,сусик
2311,обсяг
2312,позер
2313,рабат
2314,Рівне
2315,затри
2316,бости
2317,окрай
2318,честь
2319,рынок
2320,брана
2321,варіч
2322,чайка
2323,зощіп
2324,гудба
2325,одлїт
2326,тунел
2327,Прага
2328,скалп
2329,поник
2330,одщіп
2331,сплав
2332,класа
2333,серед
2334,солом
2335,шлаєр
2336,ампер
2337,баник
2338,кукер
2339,взяти
2340,вздых
2341,тушка
2342,такса
2343,дудля
2344,Корея
2345,зимно
2346,гавра
2347,капер
2348,навій
2349,ірджа
2350,мляск
2351,кефір
2352,боком
2353,архів
2354,кумшт
2355,брыла
2356,ешпан
2357,музей
2358,модла
2359,зорка
2360,капры
2361,облек
2362,маґма
2363,пайка
2364,нелем
2365,пущій
2366,нести
2367,капія
2368,зелер
2369,сенат
2370,обора
2371,марга
2372,ґураж
2373,монах
2374,осика
2375,часть
2376,Єврей
2377,лімфа
2378,келня
2379,щутка
2380,ближе
2381,выйти
2382,опити
2383,паріг
2384,ссаня
2385,навой
2386,опіум
2387,істый
2388,сінус
2389,феніґ
2390,тітла
2391,Чешка
2392,ярити
2393,чекан
2394,лепра
2395,корал
2396,лябда
2397,Сірія
2398,Терча
2399,куцый
2400,фрукт
2401,звити
2402,свист
2403,хунта
2404,лїзти
2405,надха
2406,табла
2407,злачу
2408,фабка
2409,пісня
2410,везти
2411,жабры
2412,парик
2413,племя
2414,бочок
2415,марга
2416,дость
2417,плюта
2418,дійка
2419,локша
2420,зефір
2421,фейса
2422,ребел
2423,начас
2424,плаца
2425,впити
2426,опечі
2427,стыти
2428,салак
2429,нарыв
2430,бронз
2431,горло
2432,пояти
2433,перла
2434,днесь
2435,мідер
2436,писмо
2437,масів
2438,волна
2439,зміна
2440,накуп
2441,жертя
2442,фалда
2443,лампа
2444,шутер
2445,Татар
2446,нуґат
2447,Мекка
2448,радуг
2449,стяти
2450,Іоана
2451,лущак
2452,почас
2453,гарем
2454,бердо
2455,ітрій
2456,перед
2457,управ
2458,чапов
2459,шкроб
2460,навсе
2461,тягач
2462,ревір
2463,драча
2464,Вілія
2465,жачка
2466,даґде
2467,тракт
2468,козуб
2469,клавн
2470,влакы
2471,букле
2472,вождь
2473,хміль
2474,бапка
2475,ідеал
2476,глава
2477,Крижы
